LineNum,RightTrunkZ,RightTrunkX,RightTrunkY,RightShankY,RightFootY,RightFootX,LeftTrunkZ,LeftTrunkX,LeftTrunkY,LeftShankY,LeftFootY,LeftFootX,RightArmY,RightArmX,RightForearmY,LeftArmY,LeftArmX,LeftForearmY
1,-0.12927875774326,0.208596511987128,-0.475887919025803,1.02022634212208,-0.544340688941078,-0.208596516722762,-0.0245608995234512,0.333356246437989,-0.464994197201613,0.888561576089068,-0.423569711638828,-0.333356482822285,0.743749013254397,-0.585215205196859,-1.73771382533028,0.529149240345235,0.6537333328587,-1.54664013066502
2,-0.129226483340919,0.208822957639918,-0.476220502668344,1.02075168287777,-0.544525723591505,-0.208822959051339,-0.0245246976051206,0.333838844112191,-0.466877678195514,0.892151628300518,-0.425268331843384,-0.333838287448049,0.743766422483386,-0.585413289738752,-1.73803676174142,0.529290379845994,0.654247344301166,-1.54689616379041
3,-0.129110668407841,0.209072709532089,-0.476833522162974,1.02170524111369,-0.544859457459676,-0.209072706475122,-0.0244498681009947,0.334513782164658,-0.470020252980986,0.89814882340347,-0.428115943184697,-0.334512525652554,0.743772589556573,-0.585811889583509,-1.73853636028666,0.529554460957718,0.655064949791901,-1.54736132189858
4,-0.128930335113094,0.209344961111626,-0.477712605687348,1.02306611248696,-0.545334351963096,-0.209344955023329,-0.0243469287959601,0.335374244986089,-0.474338472905472,0.906397631891187,-0.432039427731174,-0.335372282251118,0.743772911599977,-0.58640766746864,-1.73920554287754,0.529935187685623,0.656170968044538,-1.5480257406891
5,-0.128685064931135,0.209638748327277,-0.478844461234988,1.02481364342921,-0.545943087711438,-0.209638740050827,-0.0242260544235511,0.336413705655442,-0.479744958743445,0.916731875293162,-0.436960028205429,-0.336411035044929,0.743774020480602,-0.587200225117974,-1.74003834206514,0.530426309822611,0.657550923871196,-1.54888031772916
6,-0.128375423772173,0.209952905589395,-0.480215490885332,1.02692708257391,-0.546678615323255,-0.209952895990378,-0.0240976447807623,0.337625931787115,-0.486149218116335,0.92897873526688,-0.442795524486984,-0.337622563593588,0.743783809741222,-0.588191339664357,-1.7410291826289,0.531021040026136,0.659189755001677,-1.54991593345958
7,-0.128002409085484,0.210286161496259,-0.481811790873547,1.0293855355969,-0.547533991237919,-0.210286151461835,-0.0239718041809887,0.339004995551264,-0.493459351620403,0.942962571665938,-0.449462223037388,-0.339000946345044,0.74381045052309,-0.589383448472337,-1.74217251719782,0.531712742493771,0.661072661394632,-1.55112351428125
8,-0.127567202529165,0.210637183444082,-0.483619331424985,1.03216801556859,-0.548502278383968,-0.210637173840669,-0.0238581070394665,0.340545229115257,-0.501583802600264,0.958508325021814,-0.45687664059587,-0.340540519098075,0.743861910506209,-0.590779063980619,-1.74346269135734,0.532495087520715,0.663185367251951,-1.55249404409594
9,-0.12707099254715,0.211004611672764,-0.485624079962897,1.03525348531235,-0.549576473166691,-0.211004603332841,-0.0237654361882404,0.342241179148786,-0.510432775266076,0.975444312052582,-0.464956889614751,-0.34223583031807,0.743945587910224,-0.592380308879966,-1.74489382907185,0.533362141150035,0.665514275044912,-1.55401855413342
10,-0.126514844947011,0.211387085689026,-0.487812098449282,1.0386208982249,-0.55074945411608,-0.211387079410871,-0.0237018695561985,0.344087559659616,-0.519919332026585,0.993604392710389,-0.473623753263108,-0.344081594503257,0.744068038070082,-0.594188552371727,-1.74645974687944,0.534308419394946,0.668046559941328,-1.55568811057926
11,-0.125899623659546,0.211783262510637,-0.490169619419071,1.04224923880757,-0.552013951738736,-0.211783259065489,-0.0236746169927813,0.346079201713054,-0.52996019007165,1.01282953918739,-0.482801463336518,-0.346072642457519,0.74423479543176,-0.596204157140106,-1.74815389923376,0.535328899789104,0.670770197241542,-1.55749379950195
12,-0.125225954308347,0.2121918277974,-0.492683101378197,1.04611756164292,-0.553362536681226,-0.21219182794037,-0.0236899999745792,0.348211000320647,-0.540476247374047,1.03296887001232,-0.492418213054998,-0.34820386865308,0.744450277745271,-0.598426319715619,-1.74996935040752,0.536418998038196,0.673673932774787,-1.55942670990482
13,-0.124494221129574,0.212611501290281,-0.495339266010423,1.05020502781632,-0.554787622524413,-0.21261150577213,-0.0237534647636646,0.350477858989587,-0.551392878507748,1.05388023086644,-0.502406445740119,-0.350470176147049,0.744717755856825,-0.600852983609088,-1.75189876776746,0.537574519537974,0.676747209739917,-1.56147791634708
14,-0.123704588002961,0.213041037975358,-0.498125120173377,1.05449093801504,-0.556281479479863,-0.213041047553059,-0.0238696197774251,0.352874632444731,-0.562640043933375,1.0754304092403,-0.512702962860826,-0.352866419562801,0.745039372684065,-0.60348080552738,-1.75393443132865,0.538791594799082,0.679980064998566,-1.56363846239198
15,-0.12285703540904,0.213479226248852,-0.501027965657406,1.05895476174717,-0.557836255567744,-0.213479241693774,-0.0240422889742376,0.355396067995722,-0.574152254898835,1.09749506654997,-0.523248893031915,-0.355387346619024,0.745416196592452,-0.606305157379101,-1.7560682549554,0.540066606396863,0.683363006160855,-1.56589934580659
16,-0.121951406623933,0.213924884143633,-0.50403539943333,1.0635761623342,-0.559444002362873,-0.213924906246713,-0.0242745745502955,0.358036745944539,-0.585868431845131,1.11995846249454,-0.533989559018471,-0.358027538617391,0.745848296839554,-0.60932015004718,-1.75829181528301,0.541396113276175,0.686886878509932,-1.56825150607145
17,-0.120987458049021,0.214376854441004,-0.50713530673693,1.0683350175204,-0.561096702973044,-0.214376884014683,-0.0245689238280547,0.360791019348017,-0.597731688605448,1.14271303508353,-0.544874274060025,-0.360781350221096,0.746334831421046,-0.612518668327927,-1.76059638521293,0.542776776465816,0.690542728427963,-1.57068581442399
18,-0.119964910021932,0.214833999271478,-0.510315848918379,1.073211435697,-0.562786300474363,-0.214834037148495,-0.0249271966662426,0.363652953388906,-0.609689068743347,1.1656588878624,-0.555856092853587,-0.363642848794388,0.746874140149679,-0.615892409556511,-1.76297296957334,0.544205288728307,0.694321667861907,-1.57319306639856
19,-0.118883495660928,0.215295194622783,-0.513565447583489,1.07818576785923,-0.564504725523901,-0.215295241651969,-0.025350730930712,0.36661626457825,-0.621691254727952,1.1887032246404,-0.566891536934704,-0.366605753540172,0.747463837932752,-0.619431921048766,-1.76541234118038,0.545678309481957,0.698214742660685,-1.57576397665024
20,-0.11774300622873,0.215759325027403,-0.516872766200898,1.08323861550153,-0.566243922280877,-0.215759382066807,-0.025840404501701,0.369674260014006,-0.63369226563529,1.21175976212935,-0.577940309277536,-0.369663374672073,0.748100904920264,-0.623126633534378,-1.76790507606235,0.547192405488569,0.702212806359085,-1.57838917575144
21,-0.116543332182545,0.216225278594641,-0.520226690058256,1.08835083471548,-0.567995872091086,-0.216225346502319,-0.0263966929771669,0.372819776955208,-0.645649154837347,1.23474814258836,-0.588965008821695,-0.372808552888947,0.748781771489711,-0.626964889277118,-1.77044158701999,0.548743997260234,0.706306400142346,-1.58105920861573
22,-0.115284499544358,0.216691942477537,-0.523616305221165,1.09350353679248,-0.569752614633214,-0.216692022100283,-0.0270197227014614,0.376045123033807,-0.657521715704979,1.25759336184012,-0.599930852316786,-0.376033599480384,0.749502396967961,-0.630933964654582,-1.77301215500514,0.550329310841471,0.710485639229827,-1.5837645342132
23,-0.113966701525189,0.217158198816025,-0.527030876974559,1.09867808565392,-0.571506266402103,-0.217158290976492,-0.0277093190506772,0.379342017513134,-0.669272200644137,1.28022522274273,-0.610805408280782,-0.379330237476775,0.750258341633943,-0.635020087696292,-1.77560695802274,0.551944334506464,0.714740105690277,-1.58649552628112
24,-0.112590325513354,0.21762292116916,-0.530459828099162,1.10385609243893,-0.573249036525671,-0.217623026651688,-0.0284650500839603,0.38270153410933,-0.680865056710585,1.30257782016421,-0.621558345894336,-0.382689544363449,0.751044831965309,-0.639208451543413,-1.77821609741757,0.553584779919978,0.719058747675567,-1.58924247478806
25,-0.111155975626383,0.218084971433953,-0.533892717245636,1.10901940757899,-0.574973239991959,-0.218085090969497,-0.0292862657606757,0.38611404601478,-0.692266679496756,1.32458906049896,-0.632161200184449,-0.386101897000077,0.75185681934753,-0.643483225071623,-1.78082962151148,0.555246047400242,0.723429785173526,-1.59199558797004
26,-0.109664491059229,0.218543197242945,-0.537319217607636,1.11415011068183,-0.576671308410859,-0.218543331493456,-0.0301721329576545,0.389569173897382,-0.703445185852435,1.34620021657624,-0.64258715378956,-0.389556919520801,0.752689032604052,-0.647827562070685,-1.78343754662476,0.5569231950588,0.727840622587721,-1.59474499481609
27,-0.108116960459754,0.218996429832785,-0.540729096055308,1.11923049853603,-0.578335798460449,-0.218996579375538,-0.0311216665193366,0.393055737791871,-0.714370205196288,1.36735551726064,-0.652810834847623,-0.393043435132658,0.753536024769115,-0.652223610446112,-1.78602987555639,0.558610911751345,0.732277768715969,-1.59748074793383
28,-0.106514732543151,0.219443482380076,-0.544112192866094,1.12424307153458,-0.579959398177378,-0.219443647692187,-0.0321337565552022,0.396561713945766,-0.725012688619393,1.38800176997718,-0.662808130034977,-0.396549422875442,0.754392214540797,-0.65665252293388,-1.78859661362184,0.560303493937548,0.736726764992878,-1.60019282677096
29,-0.104859423130242,0.219883148805049,-0.547458402175498,1.12917051880182,-0.581534931249988,-0.219883330248762,-0.0332071921717731,0.400074197826566,-0.735344734610462,1.40808801368561,-0.672556011447471,-0.400061980550991,0.755251922840815,-0.661094470821454,-1.79112778235986,0.561994826705082,0.741172123162407,-1.60287114120381
30,-0.103152918769166,0.2203142030493,-0.550757653263299,1.13399570229299,-0.583055359465336,-0.220314400858297,-0.0343406818019112,0.403579374635775,-0.745339429995954,1.42756519938124,-0.682032375802999,-0.403567295167846,0.756109404885622,-0.665528662162898,-1.7936134310257,0.56367836935504,0.745597273839422,-1.60550553553086
31,-0.101397377079188,0.220735398837363,-0.553999892787316,1.13870164012098,-0.584513783450366,-0.220735613104549,-0.0355328702723865,0.407062498800022,-0.754970704546299,1.44638589493644,-0.691215894325165,-0.407050622372592,0.756958878150208,-0.669933365972162,-1.79604364599182,0.565347146067543,0.749984527687621,-1.60808579292573
32,-0.0995952239429997,0.221145469934815,-0.557175068074519,1.14327148934935,-0.585903441835143,-0.221145700601979,-0.0367823527392107,0.41050788401579,-0.764213197621481,1.46450401096123,-0.700085871610188,-0.410496276445071,0.757794546588849,-0.67428594388004,-1.79840855817955,0.566993742262732,0.754315051172828,-1.61060164041285
33,-0.0977491476697656,0.221543130916598,-0.560273111577085,1.14768852847496,-0.587217708953387,-0.221543377766282,-0.0380876856146555,0.413898905502664,-0.773042135194352,1.48187454430937,-0.708622111762966,-0.413887632513058,0.758610621468773,-0.678562890746423,-1.80069834864811,0.568610307341069,0.758568859032548,-1.61304275443035
34,-0.09586209025632,0.221927078458444,-0.563283926596173,1.15193613980593,-0.588450091183975,-0.221927341108153,-0.0394473946156741,0.41721801616302,-0.781433215578816,1.49845333585749,-0.716804790102969,-0.417207142684825,0.759401339176319,-0.682739885727174,-1.80290325247236,0.570188564524062,0.76272482571988,-1.6153987670397
35,-0.093937235885808,0.222295993160789,-0.566197374367309,1.15599779192136,-0.589594222027005,-0.222296271060143,-0.04085998007407,0.420446778343445,-0.789362502190205,1.51419683921472,-0.724614328768946,-0.420436367795774,0.760160976368422,-0.686791855294659,-1.80501356104678,0.571719828521011,0.766760718119073,-1.61765927283078
36,-0.0919779968226789,0.222648541911583,-0.569003262588247,1.1598570223761,-0.590643855999115,-0.222648834342207,-0.0423239196678279,0.423565912839328,-0.796806321669916,1.52906189706477,-0.732031274594509,-0.42355602641023,0.760883862865877,-0.690693049694276,-1.80701962296142,0.57319503171478,0.770653251778574,-1.61981383655858
37,-0.0899879968855344,0.222983380786833,-0.571691335449108,1.16349742078627,-0.591592861426378,-0.222983686865388,-0.0438376687551822,0.426555366664195,-0.803741165702075,1.54300552188569,-0.739036177673924,-0.426546062600788,0.761564392714202,-0.694417134272158,-1.80891184360524,0.574604759489285,0.774378172746012,-1.62185200152963
38,-0.0879710527057766,0.223299158481985,-0.574251265196408,1.16690261239725,-0.592435212207713,-0.223299477166203,-0.0453996585181755,0.429394400918173,-0.810143594837001,1.55598467782767,-0.745609469086474,-0.429385733838965,0.762197033870628,-0.697937297015374,-1.81068068366278,0.575939295210241,0.777910366811043,-1.62376329873967
39,-0.085931153006434,0.223594520258444,-0.576672645225058,1.17005624219482,-0.593164978618382,-0.223594850356242,-0.0470082921480648,0.432061699822639,-0.815990142604531,1.56795606054602,-0.751731336297066,-0.43205372006418,0.762776337007872,-0.701226373492998,-1.81231665668198,0.577188675217542,0.781223997549398,-1.6255372567454
40,-0.0838724361617525,0.223868112381603,-0.578944984643561,1.17294195956955,-0.59377631722106,-0.22386845256305,-0.0486619393303938,0.434535501639934,-0.821257218145953,1.57887587177591,-0.757381594794643,-0.434528254649082,0.763296943953269,-0.70425699015571,-1.81381032590198,0.578342753991787,0.784292674009087,-1.62716341223609
41,-0.0817991663217421,0.224118587017715,-0.581057704199047,1.17554340348455,-0.594263459951077,-0.224118935829713,-0.050358929309595,0.43679375176296,-0.825921005512429,1.58869958538815,-0.762539554564779,-0.436787277545433,0.763753596301727,-0.707001726633656,-1.81515230054219,0.579391279419562,0.787089648183941,-1.62863132125541
42,-0.0797157084077593,0.224344607548569,-0.583000133376182,1.17784418802627,-0.594620702443162,-0.224344963431937,-0.0520975428340145,0.438814277742874,-0.829957357661197,1.59738170156796,-0.767183880010862,-0.438808610377354,0.764141144752673,-0.709433297258261,-1.81633323176541,0.580323977803939,0.789588041581673,-1.62993057101027
43,-0.0776265023040293,0.22454485425439,-0.584761508401797,1.17982788813633,-0.594842391668657,-0.224545215562995,-0.0538760033008105,0.440574985427484,-0.833341683024899,1.6048754855949,-0.771292441934419,-0.440570152653616,0.764454559722135,-0.711524751523622,-1.81734380854041,0.581130647953043,0.791761099227245,-1.63105079219356
44,-0.0755360365885285,0.224718030307314,-0.586330970791427,1.18147802523215,-0.594922912956325,-0.224718395328858,-0.0556924674360977,0.442054074719865,-0.8360488223233,1.61113268745023,-0.774842160134434,-0.442050097606503,0.764688943776406,-0.713249692607111,-1.81817475364362,0.581801263336857,0.793582468366167,-1.63198167173985
45,-0.0734488221663662,0.224862868009842,-0.58769756596934,1.18277805232455,-0.594856676475806,-0.224863234987808,-0.0575450158660263,0.443230272749985,-0.838052913020236,1.61610323810946,-0.77780883508966,-0.443227165448834,0.764839546426972,-0.714582512407906,-1.81881682005651,0.582326080939337,0.795026497978642,-1.63271296592946
46,-0.0713693661935521,0.224978135204633,-0.588850241379745,1.1837113381365,-0.594638103272745,-0.224978502360923,-0.0594316439578257,0.444083081503287,-0.8393272384877,1.6197349178549,-0.780166967003727,-0.444080851091001,0.764901781827278,-0.715498640870298,-1.81926078803806,0.582695755062375,0.796068554027124,-1.63323451375461
47,-0.069302146714075,0.225062641773554,-0.589777843386771,1.18426114962024,-0.594261610959172,-0.225063007331315,-0.0613502533447329,0.444593036194052,-0.839844058504755,1.62197299121685,-0.781889560203209,-0.444591682604095,0.764871249933169,-0.715974806683759,-1.8194974631828,0.582901453973387,0.796685344188064,-1.63353625046323
48,-0.0672515884845462,0.225115246134628,-0.590469112137094,1.18441063216646,-0.593721599184405,-0.225115608340656,-0.0632986445987595,0.444741969938955,-0.839574417166037,1.62275980215779,-0.782947910439677,-0.444741485982323,0.764743761746838,-0.715989305852294,-1.81951767581898,0.582934976945681,0.796855244724206,-1.63360822119993
49,-0.0651992151393491,0.225152880916197,-0.591036406442737,1.18435194554625,-0.593095457105786,-0.22515324295514,-0.0652523130113568,0.444707030533201,-0.838894224374025,1.62279819651263,-0.78366632938114,-0.444707397644021,0.764547453313133,-0.715724325775321,-1.81942125028085,0.582901802386591,0.796825272830396,-1.633565122223
50,-0.0631584566994012,0.225174301539619,-0.591487641925162,1.18409625347367,-0.592389748148165,-0.225174663706975,-0.0672172190542915,0.444494317936062,-0.837829985330308,1.62211965663997,-0.784053373121801,-0.444495545122279,0.764304452757213,-0.715234865659246,-1.81921928743631,0.582783335178907,0.796575652616964,-1.63340919511389
51,-0.0611523629710033,0.225163938909899,-0.59171106615538,1.18345874678975,-0.591532489006985,-0.225164294007,-0.0692094429583306,0.443933691347499,-0.836023318462936,1.62004888133425,-0.783793298524347,-0.443935745351304,0.763985691402421,-0.7143404656889,-1.81881497359053,0.582481674837336,0.79587326936989,-1.63303041465021
52,-0.0591717988834621,0.225125458796007,-0.591711274977372,1.18245294740647,-0.59052923663646,-0.225125804832904,-0.0712140177040346,0.443044204809467,-0.83349740894201,1.616637735514,-0.782911142329254,-0.443047049854147,0.763574796350591,-0.713016646922431,-1.81821077144797,0.582029385596144,0.79477219013032,-1.63244146685443
53,-0.0572198222817494,0.225060208564946,-0.591498541716844,1.18109574429473,-0.58938782924028,-0.225060546451663,-0.0732270906785786,0.441844093000765,-0.830285459553613,1.61193819335878,-0.7814269932179,-0.44184770443927,0.763078906117683,-0.711293638067541,-1.81741714907662,0.581433156011168,0.793293518739797,-1.63165247258749
54,-0.0552986358100984,0.224969732381474,-0.591081196049614,1.17940322242512,-0.588115954104111,-0.224970061254732,-0.0752443193346245,0.440352732394877,-0.826417022531498,1.60599943284317,-0.779360398444603,-0.440357075422719,0.76250321785642,-0.709196642137625,-1.81644327913666,0.580702143036108,0.79146129083859,-1.63067322853861
55,-0.053410277623161,0.224855593473259,-0.590467594242413,1.1773913562605,-0.586721210728669,-0.224855912644654,-0.0772612506998146,0.438590241834531,-0.82192059040167,1.59886861638586,-0.776730003205274,-0.438595278664157,0.761852919509414,-0.706751438544177,-1.81529835007133,0.579845990469924,0.789300647641624,-1.6295136446345
56,-0.051556760142599,0.224719349868725,-0.58966605925792,1.17507601952131,-0.58521114668072,-0.22471965871779,-0.0792734860057315,0.436577247539879,-0.816823700819075,1.59059120224308,-0.773553719956707,-0.436582937181659,0.761133362701881,-0.703984465635368,-1.81399158399315,0.578874478293725,0.78683716357082,-1.62818365964783
57,-0.0497400610915943,0.224562552218609,-0.588684864177202,1.1724729878686,-0.583593260684948,-0.224562850172189,-0.0812766921084493,0.434334673316221,-0.811153014325477,1.58121121417493,-0.769848903025154,-0.434340971722847,0.760350007706868,-0.700922495709276,-1.81253222015761,0.577797463876855,0.784096619444023,-1.62669322555788
58,-0.0479621327342887,0.224386738048705,-0.587532240678658,1.16959795173928,-0.581875008605322,-0.224387024582327,-0.0832666268784708,0.431883543042081,-0.804934421815201,1.57077149743251,-0.765632498963041,-0.431890403313747,0.759508412623088,-0.697592439014536,-1.81092951910916,0.57662478666978,0.781104749413295,-1.62505229532261
59,-0.0462249104475278,0.224193426346542,-0.586216385485037,1.16646652893302,-0.580063809545187,-0.224193700983502,-0.0852391643667071,0.429244800370753,-0.798193144909318,1.55931395688945,-0.760921184319475,-0.42925217294792,0.758614223461998,-0.694021163728098,-1.80919276549564,0.575366182016993,0.777887012085372,-1.62327081076221
60,-0.044530319422606,0.223984112614883,-0.58474546746626,1.16309427774154,-0.578167051676978,-0.223984374925945,-0.0871903181483927,0.426439147048412,-0.790953833090539,1.54687978086364,-0.755731492165071,-0.426446979907546,0.757673164154203,-0.690235333674917,-1.80733127028512,0.574031205971757,0.774468390736512,-1.62135869177718
61,-0.0428802796164922,0.223760264381221,-0.583127635809263,1.15949671084771,-0.576192097784476,-0.22376051398516,-0.0891162629267991,0.42348690062887,-0.783240659371161,1.53350965377638,-0.750079928924353,-0.42349513948542,0.756691026702648,-0.686261265197084,-1.80535437248343,0.572629170670273,0.770873222511851,-1.61932582685192
62,-0.0412767087517518,0.22352331720414,-0.581371029334803,1.15568931002598,-0.574146290438139,-0.223523553769054,-0.091013354201213,0.420407871885198,-0.775077415666058,1.51924396054473,-0.743983083204444,-0.420416460408166,0.755673661039223,-0.682124802521906,-1.80327144018888,0.571169090301447,0.767125056580398,-1.61718206480711
63,-0.0397215231940361,0.223274671204663,-0.579483787033167,1.15168754163004,-0.572036956720636,-0.223274894450079,-0.0928781458261716,0.417221261759661,-0.766487608992177,1.50412298552022,-0.73745772831924,-0.41723014180236,0.754626964190777,-0.677851210755767,-1.80109187085944,0.569659637443165,0.763246540503054,-1.61493720776543
64,-0.0382166365671005,0.223015688140491,-0.577474059841017,1.14750687280314,-0.569871412418598,-0.223015897840207,-0.0947074053187609,0.413945577305529,-0.757494559550546,1.48818710873972,-0.730520920221168,-0.413954689156982,0.753556868393426,-0.673465085396017,-1.79882509067695,0.568109109327303,0.759259333489479,-1.6126010052766
65,-0.0367639559908551,0.222747689032316,-0.575350023643457,1.14316278830505,-0.567656965593519,-0.222747885017931,-0.0964981267971909,0.410598565757669,-0.748121501714455,1.47147700223905,-0.72319009257202,-0.410607848418907,0.752469327821594,-0.668990277080635,-1.79648055290037,0.56652540344047,0.755184044791677,-1.61018314953139
66,-0.0353653758541057,0.222471952343841,-0.573119893455904,1.13867080781726,-0.565400919441609,-0.222472134508833,-0.098247541460044,0.407197165622772,-0.738391688943295,1.45403382918821,-0.715483150696611,-0.407206557111638,0.751370303629306,-0.664449830192945,-1.79406773510636,0.564916001751452,0.751040195180863,-1.60769327157798
67,-0.0340227690584052,0.222189712710464,-0.570791938718657,1.13404650356267,-0.563110574348587,-0.222189881014665,-0.099953125540751,0.403757473500088,-0.728328503659018,1.43589944863284,-0.707418566170139,-0.403766911187704,0.750265747031443,-0.659865933889818,-1.79159613522147,0.563287962778032,0.746846199268634,-1.60514093843908
68,-0.0327379756915044,0.221902160206519,-0.568374499622066,1.12930551805683,-0.560793229040936,-0.221902314680792,-0.10161260569405,0.400294725225218,-0.717955573154764,1.41711662866083,-0.699015473792127,-0.400304146206428,0.749161580179608,-0.655259884112906,-1.78907526625497,0.561647920662873,0.742619366350667,-1.6025356510145
69,-0.0315127891070873,0.22161044013728,-0.565876004370344,1.12446358179276,-0.558456180729718,-0.221610580888237,-0.103223961790002,0.396823289866025,-0.70729689264601,1.39772927084981,-0.690293772694736,-0.396832631365394,0.748063674608208,-0.650652055160471,-1.78651464964533,0.56000209041653,0.738375917455739,-1.59988684264337
70,-0.0303489394007082,0.221315653340252,-0.563304987285911,1.11953653064985,-0.556106724136741,-0.221315780554691,-0.104785427104458,0.393356675084077,-0.696376956616618,1.37778264888054,-0.681274233320351,-0.393365874898051,0.746977827039989,-0.646061879429891,-1.78392380713574,0.558356278503262,0.734131016361339,-1.5972038781921
71,-0.0292480742782629,0.221018856979803,-0.560670107653356,1.11454032280749,-0.553752149285619,-0.221018970928668,-0.106295485901878,0.389907542399245,-0.685220899646627,1.35732366421136,-0.671978611977302,-0.389916539374284,0.745909732344369,-0.641507833979955,-1.78131225109569,0.55671589798879,0.729898812475363,-1.59449605353083
72,-0.0282117373134298,0.220721065821162,-0.557980169200599,1.10949105493584,-0.551399737932379,-0.220721166862695,-0.107752868406741,0.386487730952484,-0.673854647925876,1.33640112168362,-0.662429774640221,-0.386496465498093,0.744864953437695,-0.637007432599487,-1.77868947320626,0.555085987535809,0.725692493669496,-1.5917725952625
73,-0.0272413435828512,0.220423253972912,-0.555244140114244,1.10440497742799,-0.549056758502134,-0.220423342554707,-0.109156543152326,0.383108288444439,-0.66230508264407,1.31506602784517,-0.652651831590191,-0.383116703079245,0.743848887901684,-0.632577222101106,-1.77606493142716,0.553471233620568,0.721524347371814,-1.58904266057544
74,-0.0263381526536542,0.220126357092089,-0.552471173484972,1.09929850843008,-0.546730459391032,-0.220126433751779,-0.110505706682157,0.379779508029237,-0.650600216387672,1.29337191460886,-0.6426702843803,-0.379787547957589,0.742866731078351,-0.628232781584641,-1.77344803516504,0.551875995449692,0.717405828474391,-1.58631533710414
75,-0.0255032388783216,0.219831275052452,-0.549670628075962,1.09418824641813,-0.544428060487155,-0.219831340416689,-0.111799770559278,0.37651097005786,-0.638769383545845,1.2713751905651,-0.632512186440693,-0.376518583773926,0.741923435380051,-0.623988723434323,-1.7708481285662,0.550304332177626,0.71334763287659,-1.58359964270376
76,-0.024737458928894,0.219538875083555,-0.546852089300688,1.08909098106259,-0.542156742762554,-0.219538929864998,-0.113038345616294,0.373311587687882,-0.62684344550249,1.24913552178836,-0.622206318383376,-0.373318727603635,0.741023665538647,-0.619858694833063,-1.76827447186577,0.548760032159501,0.709359775756066,-1.58090452507252
77,-0.024041416480381,0.21924999539626,-0.54402539028518,1.08402370211492,-0.539923635793284,-0.2192500403883,-0.11422122335678,0.370189655502343,-0.614855011036006,1.22671624324862,-0.611783378693722,-0.370196278595619,0.740171749516563,-0.615855378602328,-1.76573622074187,0.547246644117339,0.705451673930294,-1.57823886119359
78,-0.0234154239375331,0.218965449317986,-0.541200632870289,1.07900360604501,-0.537735803078903,-0.218965485386966,-0.115348354402812,0.367152900406127,-0.602838671815809,1.20418480087097,-0.601276189960911,-0.367158968884574,0.739371624827625,-0.61199049222107,-1.76324240365278,0.545767510244627,0.701632231928556,-1.57561145661439
79,-0.022859461097873,0.218686029967677,-0.538388208380042,1.07404810015559,-0.535600225061531,-0.21868605804238,-0.116419823882077,0.364208534189754,-0.590831252121311,1.18161322277169,-0.590719920049403,-0.364214016166157,0.738626780082642,-0.608274783958492,-1.76080189718264,0.544325801418012,0.697909931626967,-1.57303104463645
80,-0.0223731306686723,0.218412515504752,-0.535598817937956,1.06917480390189,-0.533523779793168,-0.218412536562989,-0.117435823672614,0.361363307265847,-0.578872070847329,1.15907861610322,-0.580152316582618,-0.36136817743984,0.737940191705809,-0.604718025197347,-1.75842339949422,0.542924554814781,0.694292925489921,-1.57050628555206
81,-0.0219556106209155,0.218145674986501,-0.532843492051129,1.06440154715283,-0.531513221275016,-0.218145690038757,-0.118396621487851,0.358623563189762,-0.567003212424333,1.13666368311158,-0.569613951720879,-0.358627803530331,0.73731425598987,-0.60132899825915,-1.75611540209544,0.541566714336169,0.690789133589599,-1.56804576613438
82,-0.0216056034893954,0.217886274862354,-0.530133609095634,1.05974636514804,-0.529575155602514,-0.217886284932481,-0.119302526910403,0.355995293671214,-0.555269801387827,1.11445724627813,-0.559148472384634,-0.355998894092945,0.73675071700514,-0.598115479410642,-1.75388616027953,0.540255174288664,0.687406344612257,-1.56565799966063
83,-0.0213212829380799,0.217635086117984,-0.527480912222571,1.05522748993469,-0.527716015203357,-0.2176350922211,-0.120153854691886,0.353484193865682,-0.543720272896929,1.09255476761436,-0.548802848714429,-0.353487152889883,0.736250591388723,-0.595084217282374,-1.75174366280994,0.538992826751288,0.684152320971095,-1.56335142682002
84,-0.0211002382327655,0.217392892053838,-0.524897524054731,1.05086333811418,-0.525942031662645,-0.217392895171793,-0.120950885958001,0.351095717800965,-0.532406628456373,1.07105884115877,-0.538627610597353,-0.351098043189778,0.735814091760857,-0.592240907724038,-1.74969560170234,0.537782612920756,0.681034907885041,-1.56113441791972
85,-0.0209394177284837,0.217160496637299,-0.52239595835667,1.04667249479367,-0.524259207897113,-0.217160497692323,-0.121693828421799,0.348835133843495,-0.521384662406746,1.0500796304121,-0.528677058481895,-0.348836843190909,0.735440551487813,-0.589590167217966,-1.74774934331804,0.536627578437139,0.678062145801928,-1.55901527684361
86,-0.0208350731155236,0.216938733300947,-0.519989127633393,1.04267369372587,-0.522673290774028,-0.216938733128359,-0.122382777343058,0.346707580139262,-0.510714140447463,1.02973521389912,-0.519009430474039,-0.346708701396968,0.735128354770139,-0.587135508429259,-1.74591190243245,0.535530932203531,0.67524238478992,-1.55700224722341
87,-0.0207827057845623,0.216728469314524,-0.517690346946777,1.03888579731864,-0.521189747528271,-0.216728468635843,-0.123017678603277,0.344718115463464,-0.50045890941399,1.01015179830607,-0.509687005900558,-0.344718687384919,0.734874876211492,-0.584879324947119,-1.74418992006966,0.534496109551401,0.672584398335839,-1.55510352308509
88,-0.0207770151975776,0.21653059218408,-0.515513337148051,1.03532778708351,-0.519813753192272,-0.216530591582283,-0.123598293806336,0.342871752799119,-0.490686918184536,0.991463760249747,-0.500776126358712,-0.34287182530296,0.734676432919934,-0.582822897103755,-1.74258964384546,0.533526843733005,0.670097492771501,-1.55332726967005
89,-0.0208118577036774,0.216345994641779,-0.513472220487902,1.03201875209843,-0.518550184549521,-0.216345994540669,-0.124124175725409,0.341173492416372,-0.481470108129601,0.97381343213271,-0.492347092219321,-0.34117312678411,0.734528262533171,-0.580966422057633,-1.74111691924308,0.532627235621336,0.667791608439801,-1.55168164819452
90,-0.0208802241256585,0.216175563481748,-0.51158150380144,1.02897787122508,-0.517403621157826,-0.216175564132183,-0.12459466243375,0.339628359777533,-0.472884132879831,0.957350552224408,-0.484473894946406,-0.339627628600924,0.734424541347598,-0.579309080293327,-1.73977719768622,0.531801812733859,0.665677403542605,-1.55017484139634
91,-0.0209742430625513,0.216020170771602,-0.509856046739788,1.02622439003172,-0.516378356776351,-0.216020172247742,-0.125008897089686,0.3382414471817,-0.465007869906612,0.942231304886405,-0.477233748505956,-0.338240433993573,0.734358455279912,-0.577849153638196,-1.738575565405,0.531055571379533,0.663766311261145,-1.54881507929959
92,-0.0210852170702806,0.215880665528608,-0.508311013055778,1.02377759384099,-0.515478424628668,-0.215880667737393,-0.125365880536012,0.337017957859989,-0.457922689918952,0.928616883027454,-0.470706385967258,-0.337016756385579,0.734322336482198,-0.57658421097887,-1.73751679699252,0.53039399503451,0.662070560007254,-1.54761066454213
93,-0.0212036986480767,0.215757864043522,-0.506961803303781,1.02165677827222,-0.514707639486912,-0.215757866750079,-0.125664563642114,0.335963251484541,-0.451711458476198,0.916671521184309,-0.464973095269255,-0.335961964458331,0.734307877354034,-0.57551137730177,-1.73660543697315,0.529823041455784,0.660603146404884,-1.54656999611775
94,-0.0213196113596021,0.21565253728607,-0.505823967985222,1.01988121843023,-0.514069658529182,-0.215652540156507,-0.12590398473226,0.335082890409988,-0.446457259268799,0.906559977477509,-0.460115482778283,-0.335081627925037,0.734306430144978,-0.574627698150462,-1.73584591126511,0.529349091822328,0.659377752285768,-1.54570159000874
95,-0.0214224180815464,0.215565394245647,-0.504913101331681,1.01847013752546,-0.513568061209669,-0.215565396906833,-0.126083454124921,0.334382686433864,-0.44224185098977,0.898444487520831,-0.456213975433555,-0.334381563830207,0.734309393781646,-0.573930604471627,-1.73524266800597,0.528978857818284,0.658408601222162,-1.54501409509632
96,-0.0215013331376599,0.215497060680965,-0.504244717586681,1.01744267518675,-0.513206445985534,-0.215497062794244,-0.126202782592525,0.333868748466624,-0.439143898936444,0.892481271872664,-0.453346101362581,-0.333867883822905,0.734308679839153,-0.573418471831551,-1.73480034382975,0.528719247354882,0.657710257273451,-1.5445163030622
97,-0.0215455682073435,0.215448053561968,-0.503834113742454,1.01681785508661,-0.512988538832684,-0.215448054904975,-0.126262543699901,0.333547532239634,-0.437237055899027,0.888816745703584,-0.451584622338834,-0.333547043604563,0.734297237307199,-0.573091253744067,-1.73452394759746,0.528577196434597,0.657297378446703,-1.5442171518029
98,-0.0215445942674955,0.215418752406119,-0.503696224986336,1.0166145508378,-0.512918305440528,-0.21541875295436,-0.126264352358003,0.333425894000975,-0.436587999862156,0.887583645614592,-0.450995624658582,-0.333425896577973,0.734269602589926,-0.572951153239531,-1.73441904935942,0.528559482666654,0.657184448695643,-1.54412572310815
99,-0.0215268086319401,0.21539458895348,-0.503704882089489,1.01663325346602,-0.512926500472959,-0.215394588951477,-0.126246793388082,0.333402614219687,-0.436599701248618,0.887616166862207,-0.451014542030567,-0.333402805243377,0.734246267193967,-0.572934255296841,-1.73440668559973,0.528589501156687,0.657206042509681,-1.54414011602095
100,-0.0215171636586495,0.215361431578566,-0.503719250607783,1.01665996759211,-0.512939670629083,-0.215361431380834,-0.126237047218169,0.333371495769422,-0.436623981270098,0.887662393253234,-0.451037336152624,-0.333371602420538,0.734235297575054,-0.572946236449249,-1.73439734771439,0.528604996071168,0.657207059513403,-1.54415466938968
101,-0.0215047215664843,0.215319411591041,-0.503735598880658,1.01669334929725,-0.512956423984508,-0.21531941148336,-0.126224639501161,0.333331863062886,-0.436652709232146,0.88772054266185,-0.451066469647101,-0.333331998404342,0.734220704882827,-0.572959160345648,-1.73438452180387,0.528625430946859,0.657208346111043,-1.54417245244435
102,-0.0214888513841421,0.215267009144101,-0.50375602574944,1.01673496708834,-0.512977249599083,-0.215267009012128,-0.126208814160985,0.333282426816501,-0.436688451984497,0.887793053682572,-0.451102862331166,-0.333282599438343,0.73420201177547,-0.572974513024301,-1.73436838406467,0.528651499875313,0.657210651064097,-1.54419478577945
103,-0.021469309243865,0.21520251789355,-0.503781249396018,1.0167861901929,-0.513002856657373,-0.215202517731446,-0.12618932019009,0.333221594203643,-0.436732521206159,0.887882287539913,-0.451147623534934,-0.333221806868623,0.734179001756038,-0.572993454545837,-1.73434855583115,0.528683574721951,0.657213524059048,-1.54422230486684
104,-0.0214455357050826,0.215124123644431,-0.503811945180919,1.01684844092303,-0.513033959920223,-0.215124123453563,-0.126165602099525,0.333147650214063,-0.436786114983334,0.887990731964882,-0.451202009809759,-0.333147908979309,0.734151007515982,-0.573016465515436,-1.73432446096509,0.528722580353401,0.65721705821164,-1.54425577542278
105,-0.0214169221058214,0.215029858723632,-0.503848885670373,1.01692326815891,-0.513071329982592,-0.215029858503712,-0.126137051930334,0.333058738749769,-0.43685057363485,0.888121088927272,-0.451267376931095,-0.3330590502556,0.734117311081533,-0.573044101721268,-1.73429549388123,0.528769513204285,0.657221367983166,-1.54429604536604
106,-0.0213828178492001,0.214917593674991,-0.503892905203552,1.01701234331224,-0.513115799418896,-0.214917593427102,-0.126103019638982,0.332952851327416,-0.436927347629988,0.888276275241317,-0.451345186625075,-0.332953222676025,0.734077146908722,-0.573076982331354,-1.73426100325021,0.52882543756605,0.657226561581144,-1.54434402908646
107,-0.021342521104255,0.214785029890542,-0.503944899790476,1.01711746351504,-0.513168263898745,-0.214785029617728,-0.126062804065333,0.332827819550281,-0.437017996691425,0.88845942956888,-0.451437012232685,-0.332828258404084,0.734029688953271,-0.573115773922085,-1.73422028568422,0.528891501672692,0.657232754800384,-1.54440071264354
108,-0.0212952761785624,0.214629690194659,-0.50400583048635,1.01724055691707,-0.513229684775329,-0.214629689902391,-0.126015650223685,0.332681306230975,-0.43712419553693,0.888673922247618,-0.451544543480547,-0.33268182084299,0.733974047782999,-0.573161194018668,-1.73417258339328,0.528968941746966,0.657240071257547,-1.54446715794586
109,-0.0212402708122386,0.214448908327638,-0.50407672592643,1.01738368808956,-0.513301091958053,-0.214448908024447,-0.125960746596418,0.332510795364325,-0.437247739025198,0.888923365671867,-0.451669591720446,-0.332511394608411,0.733909267445743,-0.573214014452662,-1.73411708114053,0.529059086385908,0.65724864195333,-1.54454450687009
110,-0.0211766330154741,0.214239817332134,-0.504158684907964,1.01754906365732,-0.513383586915781,-0.214239817030356,-0.1258972219774,0.332313581027875,-0.437390547494765,0.889211625305188,-0.451814095555129,-0.332314274434017,0.733834321751507,-0.573275064549831,-1.73405290277755,0.529163361706956,0.657258605124517,-1.54463398584496
111,-0.0211034276304548,0.213999336784365,-0.504252879049922,1.01773903811754,-0.513478345807084,-0.213999336501013,-0.125824142037555,0.332086755165353,-0.437554672393811,0.889542831267362,-0.451980126766579,-0.332087552958085,0.733748110236828,-0.573345234641641,-1.73397910746016,0.529283296929894,0.657270106013526,-1.54473691086273
112,-0.0210196526269744,0.213724158846028,-0.504360555444385,1.0179561197302,-0.513586622692065,-0.213724158603821,-0.125740505623986,0.331827194222496,-0.437742302101533,0.889921390348475,-0.452169896481447,-0.331828107362435,0.733649453817931,-0.573425479884191,-1.73389468553019,0.529420530383065,0.657283296518064,-1.54485469290334
113,-0.0209242351374448,0.213410733123589,-0.504483039222875,1.01820297634306,-0.513709752764565,-0.213410732952142,-0.125645240798366,0.331531544615908,-0.437955767843884,0.89035199826756,-0.452385761487661,-0.331532584844294,0.733537090137776,-0.573516824367263,-1.73379855406007,0.529576815922603,0.657298334701816,-1.54498884376275
114,-0.0208160272470649,0.213055250332771,-0.504621735945867,1.01848244098347,-0.513849155529924,-0.213055250270009,-0.125537200630394,0.331196207025439,-0.438197549586983,0.890839651949557,-0.452630230593753,-0.331197386911589,0.73340966862521,-0.573620365503105,-1.73368955206391,0.529754029735752,0.657315384133227,-1.54514098226872
115,-0.0206938015616243,0.212653624781109,-0.504778133703723,1.0187975170125,-0.514006337836296,-0.212653624874866,-0.125415158768423,0.330817319513465,-0.438470281764406,0.89138966154167,-0.452905970896591,-0.330818652504864,0.733265745291802,-0.573737278677312,-1.73356643538299,0.529954177487924,0.657334613014128,-1.54531284085822
116,-0.0205562465830479,0.212201475700012,-0.504953804794665,1.01915138259457,-0.514182896647889,-0.212201476009939,-0.125277804817615,0.330390739490511,-0.438776758663115,0.892007661829736,-0.453215813794249,-0.330392239965353,0.733103777300631,-0.573868822135385,-1.73342787125981,0.530179401759697,0.657356193053606,-1.54550627247934
117,-0.0204019619322777,0.21169410748195,-0.505150406819761,1.01954739418663,-0.514380521425327,-0.211694108081682,-0.125123739564781,0.329912024567932,-0.439119939257512,0.892699622645033,-0.453562760546147,-0.329913707889572,0.732922117351818,-0.574016342067964,-1.733272432622,0.530431989703676,0.65738029803684,-1.54572325776817
118,-0.0202294534702909,0.21112648890813,-0.505369683005104,1.01998908869465,-0.514600995951824,-0.211126489887805,-0.124951470100748,0.329376412364454,-0.439502951239454,0.893471857771089,-0.453949987143276,-0.329378294937415,0.732719007942189,-0.574181277844837,-1.73309859210675,0.530714380831458,0.657407102030662,-1.54596591243406
119,-0.0200371283815512,0.21049323149027,-0.505613461527899,1.02048018388042,-0.514846199413025,-0.210493232959414,-0.124759404904317,0.328778799367641,-0.43992909394518,0.894331031767151,-0.454380848205958,-0.328780898694377,0.732492575571389,-0.574365167331468,-1.73290471586753,0.531029174817497,0.657436777160594,-1.54623649476816
120,-0.0198232903003026,0.209788567097467,-0.505883653584797,1.02102457652802,-0.515118106503294,-0.209788569188299,-0.124545848968006,0.328113718993542,-0.440401839826,0.895284164018887,-0.454858879574617,-0.328116053731239,0.7322408249847,-0.574569652202162,-1.73268905721935,0.53137913917863,0.657469490885665,-1.5465374131657
121,-0.0195861345793189,0.209006325098807,-0.506182249897983,1.0216263377961,-0.515418786290946,-0.209006327970016,-0.124308999064937,0.327375319041816,-0.44092483404853,0.896338629206246,-0.45538779919974,-0.327377909058128,0.731961633563839,-0.574796483139332,-1.73244975019529,0.531767216654537,0.65750540268888,-1.54687123352421
122,-0.0193237462626628,0.208139918598789,-0.506511312164658,1.02228969805833,-0.515750395898205,-0.20813992243974,-0.124046941686648,0.326557347587668,-0.44150188583619,0.897502140858676,-0.455971499655639,-0.326560213987848,0.731652748866434,-0.575047521625544,-1.7321848059661,0.532196528018693,0.657544660495184,-1.54724068269888
123,-0.0190341083255679,0.20718236661547,-0.506872949924392,1.02301900071986,-0.516115158538547,-0.207182371650626,-0.123757661149735,0.325653172698747,-0.442136934204674,0.898782682031445,-0.456614014202433,-0.325656337742171,0.731311798219911,-0.575324729931028,-1.73189212042203,0.532670357804971,0.657587396882547,-1.54764863708639
124,-0.0187151127145357,0.206126319013439,-0.507269293230786,1.02381865045487,-0.516515339398494,-0.206126325506854,-0.123439050597566,0.324655804515729,-0.442834008900076,0.900188428001833,-0.457319478871441,-0.324659291500556,0.730936301659714,-0.575630162478938,-1.7315694826991,0.533192135580719,0.657633720851391,-1.54809810843446
125,-0.0183645692173165,0.204964073032938,-0.507702465896993,1.02469306430343,-0.516953223269271,-0.204964081292936,-0.12308892089769,0.323557909141428,-0.44359719400734,0.901727675933045,-0.458092098297902,-0.323561742312259,0.730523682128451,-0.575965958834433,-1.7312145808345,0.533765420820937,0.657683708899851,-1.54859223253391
126,-0.017980212394352,0.203687583463801,-0.508174559189734,1.02564662389368,-0.5174310928709,-0.203687593847895,-0.122705007598752,0.322351816315193,-0.444430593424799,0.903408778578942,-0.458936113744656,-0.322356020792186,0.730071273270624,-0.57633433755937,-1.73082500539294,0.534393890812783,0.657737396238765,-1.54913426039275
127,-0.0175597075927906,0.202288469392521,-0.508687604809834,1.02668362629955,-0.517951206632712,-0.20228848231259,-0.122284976956827,0.321029523628057,-0.445338296280567,0.905240077892952,-0.459855771198965,-0.321034125346539,0.729576326054456,-0.576737590410752,-1.73039825204711,0.535081329866792,0.65779476772346,-1.54972755060505
128,-0.0171006569361511,0.200758020470353,-0.50924354591647,1.02780823109493,-0.518515774722024,-0.200758036398,-0.12182643192563,0.319582700036401,-0.446324340259739,0.907229834513543,-0.460855287533061,-0.319587725687096,0.729036015246971,-0.577178075968762,-1.7299317239796,0.535831618354623,0.657855748299849,-1.55037556162822
129,-0.0166006061522521,0.199087205682353,-0.509844205039012,1.02902440129268,-0.519126932161569,-0.199087225154378,-0.121326918973676,0.318002691466741,-0.447392670917573,0.909386149287744,-0.461938812811086,-0.318008168427117,0.728447446727908,-0.577658211744299,-1.72942273497415,0.536648720139304,0.657920192833358,-1.55108184270155
130,-0.0160570531159261,0.197266687737807,-0.510491247792735,1.03033583596373,-0.519786707915822,-0.197266711361623,-0.120783936604653,0.31628053144408,-0.448547095129931,0.911716873123237,-0.463110386882269,-0.316286487691038,0.727807666641872,-0.578180463785067,-1.72886851409867,0.537536666939537,0.657987875229565,-1.55185002210744
131,-0.0154674590238828,0.195286846466185,-0.511186141386099,1.0317458924314,-0.520496988857493,-0.195286874924995,-0.120194946498034,0.314406959936196,-0.449791226882492,0.914229501536805,-0.464373888430537,-0.314413423929904,0.727113673433268,-0.578747332733221,-1.72826621295169,0.538499538104281,0.658058476811455,-1.55268379140313
132,-0.014829263189945,0.1931378149991,-0.51193010699056,1.0332574960479,-0.521259477556866,-0.193137849056509,-0.119557388256993,0.312372453996654,-0.451128423638407,0.916931050313054,-0.465732974661306,-0.312379454524353,0.726362433889788,-0.579361335193855,-1.72761291655128,0.539541434161912,0.658131573989208,-1.55358688413247
133,-0.0141399025522974,0.190809533060183,-0.512724065153081,1.0348730357071,-0.522075642878405,-0.190809573563841,-0.118868698854041,0.31016727432443,-0.45256171156229,0.919827908722949,-0.467191009807298,-0.31017484029189,0.725550904441625,-0.580024979154239,-1.72690565909607,0.540666442347922,0.658206625350271,-1.55456304736287
134,-0.0133968371209137,0.188291822381075,-0.513568573583267,1.03659424346313,-0.5229466624356,-0.18829187026478,-0.118126338000801,0.307781532549083,-0.454093697933423,0.922925666809947,-0.468750980641493,-0.307789692705669,0.724676059127,-0.580740732051937,-1.72614144602518,0.541878592106619,0.658282958415462,-1.55561600418101
135,-0.0125975827440269,0.185574490042157,-0.514463756887284,1.03842205700009,-0.52387335609213,-0.18557454632572,-0.117327820818625,0.305205284833718,-0.455726469220754,0.9262289134677,-0.470415397263184,-0.305214067415241,0.72373492581918,-0.581510979957234,-1.72531728402657,0.543181798339937,0.658359756454766,-1.5567494050535
136,-0.0117397524587679,0.182647465322992,-0.515409228481274,1.04035646498681,-0.524856110297757,-0.182647531108922,-0.116470759076818,0.302428657241373,-0.457461474150935,0.929741003742401,-0.472186178244501,-0.30243808951589,0.722724632192471,-0.582337976575605,-1.72443022056547,0.544579790402809,0.658436045880447,-1.55796676613492
137,-0.010821103957371,0.17950096133094,-0.516404009621902,1.04239634591672,-0.525894798528299,-0.17950103779723,-0.115552908578088,0.299441994758756,-0.459299399942159,0.933463812337947,-0.474064528539569,-0.299452102500905,0.721642458560043,-0.583223785677156,-1.72347739012994,0.546076031055177,0.658510684065998,-1.5592713982186
138,-0.00983958120785067,0.176125617679491,-0.517446460430801,1.04453933310824,-0.526988714628108,-0.176125706068963,-0.114572210853837,0.296235992583201,-0.461240069232277,0.937397530745895,-0.47605083902559,-0.296246799606863,0.720485883586112,-0.584170231154766,-1.72245605371238,0.547673645171376,0.658582346576186,-1.56066634385265
139,-0.00879334577240261,0.17251261523278,-0.518534227550214,1.04678171265412,-0.528136521982973,-0.172512716840351,-0.113526824617262,0.292801801264556,-0.463282364126821,0.941540519485709,-0.47814461353474,-0.292813329065209,0.719252617530281,-0.585178854754303,-1.7213636287056,0.549375365309978,0.658649518016298,-1.56215432775513
140,-0.00768079912742661,0.168653767932974,-0.519664207728765,1.04911835125883,-0.529336216781069,-0.168653884091609,-0.112415148202008,0.289131110574933,-0.4654241750779,0.945889209239049,-0.48034442008275,-0.289143378069163,0.717940624715935,-0.5862508805902,-1.72019771110627,0.551183491909455,0.658710487011436,-1.5637377189267
141,-0.00650059778336122,0.164541596895351,-0.520832525757975,1.05154265068936,-0.530585103728042,-0.164541728961059,-0.111235834777159,0.285216217083827,-0.467662371457572,0.950438044293332,-0.482647862908758,-0.285229240426838,0.716548137455928,-0.587387185731105,-1.7189560917668,0.553099865245408,0.658763344744,-1.56541850226477
142,-0.00525166266547127,0.160169391153816,-0.522034525312776,1.05404652604939,-0.531879782838606,-0.160169540489948,-0.109987801803648,0.281050079650624,-0.46999279094707,0.955179462533444,-0.485051572407796,-0.281063872116018,0.715073663240053,-0.588588276022641,-1.71763676810496,0.555125846877771,0.658805986703657,-1.56719825781246
143,-0.00393318399879052,0.155531258662827,-0.523264771495059,1.05662040556272,-0.533216146168994,-0.155531426623994,-0.108670235978876,0.276626366322399,-0.472410245275051,0.960103907023924,-0.487551210443754,-0.276640938230839,0.713515986747127,-0.58985426654473,-1.71623795246946,0.557262308681911,0.658836117353668,-1.56907814610162
144,-0.00254462276640674,0.150622170494488,-0.524517064072354,1.05925324994411,-0.534589383557616,-0.150622358410288,-0.107282594740048,0.271939495503617,-0.474908540179563,0.965199864899774,-0.490141488864938,-0.27195485418898,0.711874168053332,-0.59118486630577,-1.7147580781803,0.55950962785267,0.658851257440501,-1.57105889831854
145,-0.00108570965895018,0.145438000600474,-0.52578446056348,1.06193258976003,-0.535993996609427,-0.14543820975926,-0.105824605246845,0.266984673735206,-0.477480507756195,0.970453929858964,-0.4928161993387,-0.267000823538316,0.710147538241646,-0.592579366932263,-1.71319580411022,0.561867686525815,0.658848753704973,-1.57314081024693
146,0.000443557697740452,0.139975563021285,-0.527059308457581,1.06464457945731,-0.537423820301708,-0.139975794654113,-0.104296261631739,0.261757931968246,-0.480118049606402,0.975850885053493,-0.495568252873103,-0.261774874249708,0.708335693471604,-0.594036635230407,-1.71155001854325,0.564335874881558,0.65882579079016,-1.57532373913413
147,0.00204291856541783,0.13423264800424,-0.528333285970373,1.06737406697509,-0.538872051711031,-0.134232903269174,-0.102697821191171,0.256256161826988,-0.482812189425054,0.981373803627841,-0.498389727624063,-0.256273894992006,0.706438488438722,-0.595555109581465,-1.70981984293373,0.566913096786637,0.658779405183407,-1.5776071027884
148,0.00371185339882004,0.128208058124699,-0.529597450844783,1.07010467806416,-0.540331285467749,-0.12820833809143,-0.101029800086163,0.250477153015217,-0.485553133872302,0.987004164568712,-0.501271923793856,-0.250495672544084,0.704456030034276,-0.597132800188731,-1.7080046360907,0.569597777201064,0.658706501078094,-1.57998988035348
149,0.00544958816080177,0.12190164517959,-0.530842296796242,1.07281891462428,-0.541793555638437,-0.121901950814523,-0.0992929690273113,0.244419632716697,-0.488330340765357,0.992721981915624,-0.504205424627458,-0.2444389311959,0.702388671904471,-0.598767293224622,-1.7061039992245,0.572387870726894,0.65860386809271,-1.58247061432539
150,0.00725509826204611,0.115314348330668,-0.532057817285614,1.07549826653525,-0.543250383820235,-0.115314680482424,-0.0974883493298932,0.238083307566411,-0.4911325938037,0.998505945743569,-0.507180162693213,-0.238103374716129,0.700237010501577,-0.600455758935332,-1.70411778221149,0.575280870813564,0.658468200840528,-1.5850474134797
151,0.00912711182297654,0.108448233706777,-0.53323357637617,1.07812333660403,-0.544692833304551,-0.10844859309211,-0.0956172096427604,0.231468908514191,-0.493948083205874,1.00433357366553,-0.510185490809486,-0.231489731208827,0.698001883115532,-0.602194963752055,-1.70204609135772,0.578273819258528,0.658296120398454,-1.58771795646798
152,0.0110641120343946,0.10130653542366,-0.534358786493132,1.08067397837547,-0.546111569230948,-0.101306922613752,-0.0936810635754609,0.224578238659162,-0.496764491786658,1.01018137191365,-0.513210257138916,-0.224599800938434,0.695684368271208,-0.603981286434466,-1.69988929886868,0.581363315756556,0.658084197777395,-1.59047949592264
153,0.0130643384695167,0.0938936977395119,-0.535422392953277,1.08312944665451,-0.547496924704077,-0.0938941131466649,-0.0916816683720478,0.217414223894876,-0.499569086137207,1.01602500533751,-0.516242884118336,-0.217436506963837,0.693285788772501,-0.605810738237633,-1.69764805416047,0.584545527356707,0.657828979544837,-1.59332886298244
154,0.0151257872745361,0.0862154178293735,-0.536413165164782,1.08546856065901,-0.548838972884909,-0.0862158616940363,-0.0896210247052521,0.209980965964739,-0.502348812685133,1.0218394759013,-0.519271451021275,-0.210003948181907,0.690807717567797,-0.607678987050502,-1.69532329707249,0.587816197784205,0.657527015789971,-1.59626247221811
155,0.0172462102386157,0.0782786884259808,-0.537319794409584,1.08766987975675,-0.550127605090069,-0.0782791608041754,-0.0875013775912435,0.202283797279048,-0.5050903985015,1.02759930946143,-0.522283780060196,-0.202307454132647,0.688251986501244,-0.609581385405479,-1.69291627296407,0.591170656676824,0.657174890648634,-1.59927632700191
156,0.0194231128185368,0.0700918393349989,-0.538130998108243,1.08971189172996,-0.551352614935148,-0.070092340086175,-0.0853252183506785,0.194329336583749,-0.507780456784497,1.03327875075354,-0.525267526020221,-0.194353640656975,0.685620697897792,-0.611513002206424,-1.69042854959205,0.594603828872621,0.656769255615901,-1.60236602542727
157,0.0216537523650357,0.0616645717433144,-0.538835630668928,1.09157321454345,-0.552503789273652,-0.0616651005190141,-0.0830952863843462,0.186125539569027,-0.510405598394203,1.03885196984214,-0.528210271179252,-0.186150460508329,0.682916237517834,-0.613468659388352,-1.68786203410204,0.598110245693743,0.656306865129522,-1.60552676861053
158,0.0239351400848826,0.0530079699599244,-0.539422800751406,1.09323281301998,-0.553571007264959,-0.0530085261944605,-0.0808145672595128,0.17768172931485,-0.51295255263883,1.0442932876527,-0.531099629694021,-0.177707233841113,0.680141284602954,-0.615442976745657,-1.68521898556056,0.60168406364494,0.655784612733523,-1.60875337640936
159,0.0262640435781087,0.0441345063385625,-0.539881992433051,1.09467022275565,-0.554544343116807,-0.0441350892422072,-0.0784862901799205,0.16900862165737,-0.515408290461086,1.04957740526843,-0.533923353694682,-0.16903467358619,0.677298822401487,-0.617430418064171,-1.68250202778304,0.605319085273339,0.655199571405535,-1.61204030505216
160,0.028636988065208,0.0350580436134573,-0.540203189164629,1.09586577948116,-0.555414171688561,-0.0350586521670786,-0.076113926740866,0.160118349438229,-0.517760148135848,1.0546796332551,-0.536669439104074,-0.160144909687483,0.674392151433403,-0.619425338059561,-1.67971416395217,0.609008779072451,0.654549037006423,-1.61538166439009
161,0.0310502568502111,0.0257938317264766,-0.540376999953418,1.09680085370092,-0.556171277093148,-0.0257944646773942,-0.0737011904554739,0.151024482565789,-0.519995951605113,1.05957612209374,-0.539326231876018,-0.151051509156161,0.671424904694388,-0.621422030126798,-1.67685879204913,0.612746299114979,0.653830574287824,-1.61877123532031
162,0.0334998919772427,0.0163584954772313,-0.540394787132206,1.09745808977864,-0.556806964062565,-0.016359151336729,-0.0712520361001324,0.141742040010924,-0.522104141574089,1.06424409441067,-0.541882535174199,-0.141769488070331,0.668401063411726,-0.62341477472336,-1.67393971987553,0.616524505648247,0.653042065217192,-1.62220248838928
163,0.0359816960864832,0.00677000902426583,-0.540248794639671,1.09782164777362,-0.557313171449723,-0.006770686067373,-0.0687706578738825,0.13228748945783,-0.52407389913542,1.06866207894656,-0.544327717661463,-0.132315311241423,0.665324971847931,-0.625397888286586,-1.67096117830189,0.620335987876995,0.652181759054648,-1.62566860466916
164,0.0384912365768952,-0.00295234707852874,-0.539932275157383,1.09787744529019,-0.557682586771407,0.00295165081024495,-0.0662614852656976,0.122678729870687,-0.525895271191028,1.07281014531867,-0.54665182267278,-0.122706874809408,0.662201349451495,-0.627365772563034,-1.66792783116332,0.624173090227448,0.651248323264856,-1.62916250009106
165,0.0410238533193141,-0.0127880510691179,-0.539439613763408,1.0976133953636,-0.557908760139363,0.0127873377609352,-0.0637291753880096,0.112935051670886,-0.527559294376092,1.07667013762036,-0.548845677596961,-0.112963466463072,0.659035298410668,-0.629312964233743,-1.66484477995729,0.628027943501202,0.650240893924436,-1.63267685455441
166,0.0435746713392677,-0.0227154327095339,-0.538766444948425,1.09701963493164,-0.557986215261542,0.0227147047622087,-0.0611786003593365,0.103077068527491,-0.529058115542513,1.08022590374647,-0.550901002278262,-0.103105697290121,0.655832304370067,-0.631234184758138,-1.66171756117226,0.631892502496017,0.649159123779146,-1.63620414731799
167,0.0461386201112741,-0.03271179958977,-0.537909758872786,1.09608873668784,-0.557910554404167,0.0327110596024252,-0.0586148280974246,0.0931266139240405,-0.530385106115582,1.08346351601034,-0.552810514665249,-0.0931553984227071,0.6525982277135,-0.633124390432677,-1.65855213368146,0.63575859190536,0.648003225506364,-1.639736700424
168,0.0487104613840427,-0.0427536039076171,-0.53686799159836,1.09481589503525,-0.55767855326648,0.0427528546538132,-0.0560430946070532,0.083106594650279,-0.531534966785899,1.08637147710614,-0.554568031266741,-0.0831354746301484,0.649339282389758,-0.634978822772525,-1.65535485316282,0.639617962623811,0.646774007041351,-1.643266732223
169,0.0512848277955682,-0.0528166577018839,-0.535641092679064,1.09319907440874,-0.557288240611499,0.052815902097746,-0.0534687655082095,0.0730407921561441,-0.532503818021693,1.08894090374148,-0.556168559216422,-0.0730697057998983,0.646061998754588,-0.636793059474838,-1.65213242994689,0.643462360993427,0.645472895024222,-1.64678642346133
170,0.0538562749093785,-0.0628764056421825,-0.534230561944887,1.09123910539562,-0.55673895620319,0.0628756467054583,-0.050897284178188,0.0629536014432888,-0.533289270764188,1.0911656782623,-0.557608375863064,-0.0629824859861748,0.642773166358163,-0.638563066370526,-1.64889186609648,0.647283613986665,0.644101941559336,-1.65028799882093
171,0.0564193492167568,-0.0729082634322798,-0.532639445999004,1.0889397113739,-0.556031379253145,0.0729075042313429,-0.0483341039619078,0.0528696981032299,-0.533890470324617,1.09304255591798,-0.558885090520887,-0.0528984906342199,0.639479752630399,-0.640285250400584,-1.64564036760542,0.651073733126948,0.642663809100623,-1.65376382656018
172,0.0589686681058809,-0.0828879996413883,-0.530872289912233,1.08630745353643,-0.555167520451027,0.0828872432353862,-0.0457846083620519,0.0428136545945837,-0.534308104724607,1.09457120856425,-0.55999767862207,-0.0428422929978547,0.636188801437491,-0.641956506711302,-1.64238523717068,0.654825030488793,0.641161735214723,-1.65720652950085
173,0.0614989908473526,-0.092792066681,-0.528935058734775,1.08335160977956,-0.554150680240751,0.092791316059058,-0.0432540399341533,0.0328096004195548,-0.534544371704704,1.09575418361377,-0.560946474635243,-0.0328380242161513,0.632907337134935,-0.643574239859881,-1.63913377699046,0.658530216147033,0.639599495984835,-1.66060907770831
174,0.0640052728570625,-0.102597860313703,-0.526835038058506,1.08008400746752,-0.552985382713651,0.102597118342654,-0.0407474458030701,0.0228809480720481,-0.534602911152354,1.0965967916981,-0.561733129044287,-0.0229090990684106,0.629642285576739,-0.645136364275994,-1.6358932090306,0.662182466366266,0.637981365547508,-1.66396485508118
175,0.0664827054107656,-0.112283916963864,-0.524580719134238,1.07651882352083,-0.551677292024857,0.112283186347027,-0.0382696377575941,0.0130501767207742,-0.534488711280026,1.09710694158285,-0.562360538567182,-0.0130779994862176,0.626400410533117,-0.64664128942625,-1.63267061007105,0.66577546667091,0.636312070571905,-1.66726770347949
176,0.0689267437189154,-0.12183005888736,-0.522181673656413,1.07267236205177,-0.550233116378269,0.121829342133388,-0.0358251640231449,0.00333866475813427,-0.534207996182803,1.09729493749705,-0.562832757086014,-0.00336610696426844,0.623188262656102,-0.648087893836975,-1.62947285886181,0.66930343504416,0.634596740521479,-1.67051194894668
177,0.0713331257449332,-0.131217495974062,-0.519648422418098,1.06856281774073,-0.548660503631375,0.131216795374595,-0.033418290322258,-0.00623343648817167,-0.533768101069945,1.09717325110964,-0.563154893288537,0.0062064238386784,0.620012138693802,-0.64947549158349,-1.62630659322876,0.672761129647592,0.63284085451948,-1.67369241393847
178,0.0736978837293265,-0.140428891712794,-0.51699230114082,1.06421003145228,-0.546967931761283,0.140428209327665,-0.0310529882550048,-0.0156472944748356,-0.533177340168824,1.0967562778924,-0.563332999811696,0.0156207569072909,0.616878049100532,-0.650803794163489,-1.62317817535844,0.676143844726762,0.631050185610649,-1.67680441880093
179,0.0760173500277545,-0.149448399787206,-0.514225326026532,1.05963524315278,-0.545164596746027,0.149447737436073,-0.0287329293864916,-0.0248854582596968,-0.532444871222583,1.09606008553095,-0.563373957668852,0.0248594377555589,0.613791692555907,-0.652072870084948,-1.62009366381556,0.679447397740561,0.629230743170996,-1.67984377516976
180,0.0782881585836501,-0.15826167686709,-0.511360060941746,1.05486084598125,-0.543260299834625,0.158261036126428,-0.02646148371722,-0.0339318973072672,-0.531580559606733,1.09510216032472,-0.563285358908757,0.033906432285579,0.610758436186848,-0.653283103981451,-1.61705879110697,0.682668110226599,0.627388714181295,-1.68280677348177
181,0.080507243122043,-0.16685587638324,-0.508409487618239,1.04991014432131,-0.541265335695546,0.166855258587685,-0.0242417214463001,-0.042772020522232,-0.530594844354034,1.09390115610488,-0.563075389774367,0.0427471458616242,0.607783300502563,-0.654435156622411,-1.61407894581569,0.685802784473723,0.625530404045299,-1.68569016638593
182,0.0826718329596485,-0.175219627400845,-0.50538687982696,1.04480711790413,-0.539190382537098,0.175219033648084,-0.0220764171302004,-0.0513926791933039,-0.529498607777577,1.09247664905315,-0.562752716075187,0.0513684262837473,0.604870948218654,-0.655529926805876,-1.61115915849756,0.688848677700138,0.623662177596526,-1.68849114950246
183,0.0847794471687002,-0.183343002118322,-0.502305682146428,1.03957619332162,-0.537046394975182,0.183342433276792,-0.0199680554973244,-0.0597821570478923,-0.528303049904022,1.09084890088592,-0.562326372044335,0.0597585538633876,0.602025676275384,-0.656568515806813,-1.60830409067098,0.691803475119788,0.62179040089917,-1.69120734069446
184,0.086827887700867,-0.191217475000327,-0.499179393688389,1.03424202382693,-0.534844500176034,0.191216931719012,-0.017918838310443,-0.0679301501951511,-0.527019568550644,1.08903863214222,-0.561805653599412,0.0679072213799585,0.599251410456828,-0.657552194794612,-1.60551802634259,0.6946652630102,0.619921384405977,-1.69383675877795
185,0.0888152319668222,-0.198835876093848,-0.496021456957232,1.02882927792844,-0.532595897615506,0.198835358813657,-0.0159306917799974,-0.0758277393584167,-0.525659645590281,1.08706680675271,-0.561200016652764,0.0758055063208759,0.596551702100425,-0.658482375427541,-1.60280486560577,0.697432502663311,0.61806132799111,-1.69637780239602
186,0.0907398252721652,-0.206192340666039,-0.492845151893037,1.02336243702838,-0.53031176266527,0.206191849632315,-0.0140052741261175,-0.0834673564589461,-0.524234739730663,1.08495442864295,-0.560518980906906,0.0834458374679548,0.593929726456222,-0.659360583670372,-1.60016811992758,0.700104005900642,0.61621626832831,-1.69882922961401
187,0.0926002734277822,-0.213282256934034,-0.489663495076651,1.01786560220256,-0.528003154132691,0.213281792209744,-0.0121439829704732,-0.0908427473031946,-0.522756185980184,1.08272235081517,-0.559772039417944,0.0908219575835153,0.591388282316887,-0.660188436760582,-1.59761090880896,0.702678912659416,0.61439202903601,-1.70119013864965
188,0.0943954357784874,-0.220102213323196,-0.486489144047881,1.0123623101506,-0.525680925839334,0.22010177480258,-0.0103479623129705,-0.0979489318393209,-0.521235101868069,1.08039109714055,-0.558968574096018,0.0979288836626594,0.58892979259709,-0.660967623160065,-1.59513595756329,0.705156671002309,0.612594173962023,-1.70345995003018
189,0.0961244188263512,-0.226649946386854,-0.483334306702181,1.0068753583538,-0.523355642316875,0.226649533809237,-0.00861810891599788,-0.104782163181179,-0.519682300427094,1.07798069696011,-0.558117777241039,0.104762865950928,0.586556305596842,-0.661699885270553,-1.59274559601533,0.707537019766605,0.610827963932966,-1.70563839036344
190,0.0977865705617962,-0.232924290240275,-0.48021065577727,1.00142663954978,-0.521037498723769,0.23292390320389,-0.00695507798243504,-0.111339886343671,-0.51810820992115,1.07551053252387,-0.557228579167061,0.111321346671868,0.584269496740135,-0.66238700465374,-1.59044175797572,0.709819973945326,0.609098317248972,-1.70772547781758
191,0.0993814755548313,-0.238925128100686,-0.477129248516809,0.996036985758692,-0.518736245136321,0.23892476607635,-0.00535928807408136,-0.117620697388901,-0.516522800303819,1.07299919928235,-0.556309581948428,0.117602919164705,0.582070670639396,-0.6630307894791,-1.58822598139951,0.712005812780187,0.607409774163907,-1.70972150932192
192,0.100908950799154,-0.244653346277146,-0.474100451697365,0.990726022266806,-0.516461115439633,0.244653008621765,-0.0038309252771877,-0.123624303443027,-0.51493551642127,1.07046437907137,-0.555368999321362,0.123607287892732,0.579960763399391,-0.663633063918053,-1.58609940919192,0.71409507044194,0.605766465557841,-1.71162704942597
193,0.102369042242348,-0.250110790714309,-0.471133872323088,0.985512032181742,-0.514220761133666,0.250110476684082,-0.0023699466809671,-0.129351483804987,-0.513355218017794,1.06792272629229,-0.554414602790536,0.129335229544246,0.577940345142401,-0.664195659208446,-1.58406279068172,0.716088529075147,0.60417208598207,-1.71344292068196
194,0.103762021873705,-0.255300225955661,-0.46823829442937,0.980411832413235,-0.512023190473647,0.255299934719006,-0.00097608329655736,-0.134804052124653,-0.511790126664917,1.06538976727948,-0.553453674017438,0.134788555204314,0.576009622811396,-0.664720406126352,-1.58211648384632,0.717987213889321,0.602629871242009,-1.71517019534697
195,0.10508838517789,-0.260225296149471,-0.465421622585842,0.975440662199449,-0.5098757134805,0.260225026799659,0.000351157392045289,-0.139984819374752,-0.510247779808059,1.06287981315886,-0.552492963606229,0.139970073322444,0.574168443389806,-0.665209128616656,-1.58026045844188,0.719792389885264,0.601142580679593,-1.71681018812992
196,0.106348848694522,-0.264890487466512,-0.462690832853367,0.970612085588685,-0.507784893483553,0.264890239033998,0.00161248898681019,-0.144897557071046,-0.508734992210925,1.06040588663382,-0.551538656450296,0.144883552931343,0.572416297768115,-0.665663638350689,-1.57849430027153,0.721505559711107,0.599712484328451,-1.71836444963487
197,0.107544347350531,-0.26930109102549,-0.460051932126927,0.965937909599618,-0.505756505994425,0.269300862489969,0.00280884351145345,-0.149546959901991,-0.507257825174661,1.05797966328714,-0.550596343858073,0.149533686278867,0.570752325589363,-0.666085729992503,-1.5768172169155,0.723128462045198,0.59834135514441,-1.71983476007264
198,0.108676031152111,-0.273463165121373,-0.45750992698845,0.961428120122116,-0.503795505858211,0.273462955423553,0.00394136811246594,-0.153938606604027,-0.505821564016528,1.05561142815884,-0.549671002741316,0.153926049710164,0.569175321520108,-0.666477176964053,-1.57522804535248,0.724663069799949,0.597030466563717,-1.7212231227242
199,0.109745260733127,-0.277383495213827,-0.455068803406382,0.95709083799219,-0.501906003788512,0.277383303266921,0.0050114206230812,-0.158078917552296,-0.504430704416725,1.05331004855712,-0.548766982223541,0.158067061270735,0.567683743523496,-0.66683972750226,-1.5737252620246,0.726111587328134,0.595780595716153,-1.72253175653981
200,0.110753601156026,-0.281069549747063,-0.452731518855219,0.952932298088479,-0.500091253570955,0.281069374448011,0.00602056338803743,-0.161975107118129,-0.50308894838136,1.05108296428568,-0.547887998114354,0.161963933082991,0.566275723858908,-0.667175100793231,-1.57230699604303,0.727476445688032,0.594592032722804,-1.7237630871424
201,0.11170281324486,-0.284529429426319,-0.450500008700563,0.948956854770579,-0.498353651422574,0.284529269666714,0.00697055462971308,-0.165635128361348,-0.501799210734875,1.04893619673802,-0.547037135798322,0.165624616065428,0.564949083703424,-0.667484982952281,-1.57097104640189,0.728760294880706,0.593464596644783,-1.72491973536995
202,0.112594841595564,-0.28777180705592,-0.448375209013511,0.945167017533052,-0.496694749231553,0.287771661732609,0.00786333650312126,-0.169067607062713,-0.500563637250476,1.04687437862973,-0.546216862215797,0.169057734001426,0.563701352487607,-0.66777102258822,-1.56971490427012,0.729965991806768,0.592397658824102,-1.72600450233303
203,0.113431798250379,-0.290805854433865,-0.446357098358975,0.941563521411674,-0.495115283686365,0.290805722459255,0.008701018828288,-0.172281761443382,-0.499383635764491,1.04490080653086,-0.545429047767217,0.172272503306136,0.562529793269311,-0.668034825648039,-1.56853578167036,0.731096582494206,0.591390174577631,-1.72702034977709
204,0.114215940838521,-0.293641152087398,-0.44444476156144,0.938145437478706,-0.493615223647906,0.293641032399373,0.0094858573049034,-0.175287303152103,-0.498259921909181,1.04301751883897,-0.544674999167265,0.17527863407421,0.561431435737749,-0.668277949182084,-1.56743064813562,0.73215527691787,0.590440724474162,-1.72797037431807
205,0.114949643788708,-0.296287576888864,-0.442636478947253,0.934910329637321,-0.492193838496876,0.296287468460375,0.0102202248173041,-0.178094314297575,-0.497192581414391,1.04122540236561,-0.54395550449141,0.178086207188103,0.560403118726712,-0.66850189361128,-1.56639627723291,0.733145414484457,0.589547566712768,-1.72885777388547
206,0.115635361273176,-0.298755162836765,-0.440929844347663,0.931854463610026,-0.490849790060308,0.298755064685073,0.0109065744885561,-0.180713095555232,-0.496181150819513,1.03952433058496,-0.543270891615226,0.180705522515377,0.55944154407479,-0.668708093151668,-1.56542930475436,0.734070418330662,0.588708701980047,-1.72968580477033
207,0.116275584044657,-0.301053943935696,-0.439321904916059,0.928973056776604,-0.489581243320721,0.301053855130967,0.0115473965971411,-0.183153994923325,-0.495224712244284,1.03791332690933,-0.542621097378312,0.183146927729874,0.558543339086828,-0.668897905841827,-1.56452629499455,0.73493374109307,0.587921946134199,-1.73045773182443
208,0.11687280111008,-0.303193821039606,-0.437809290594409,0.926260513919788,-0.488385972143544,0.303193740711739,0.0121451801813266,-0.185427261838355,-0.4943219824716,1.03639072145078,-0.542005734725172,0.185420672367747,0.55770511303696,-0.669072608263731,-1.56368379843368,0.73573881628439,0.587184992289411,-1.73117678475842
209,0.117429469395639,-0.305184460849253,-0.436388325455117,0.923710632227916,-0.487261452064228,0.305184388191615,0.012702382596986,-0.187542935450595,-0.49347139133893,1.03495429079947,-0.541424153247042,0.187536796011083,0.556923502600577,-0.669233394005093,-1.56289839727751,0.736489019937334,0.586495461208128,-1.73184612432419
210,0.117947990560697,-0.3070352218108,-0.435055122395352,0.921316776718142,-0.486204940243574,0.307035156081225,0.0132214062373203,-0.189510761596691,-0.492671149914201,1.03360138053633,-0.540875492772496,0.189505045179823,0.556195207009763,-0.669381374299747,-1.56216674055793,0.737187641588289,0.58585094250227,-1.73246881720436
211,0.118430693702355,-0.308755101651729,-0.433805662915307,0.919072028829233,-0.485213543642737,0.30875504217149,0.0137045811600401,-0.191340132985132,-0.491919309176869,1.03232901138961,-0.540358730228025,0.191334813451153,0.555517014641089,-0.669517580131594,-1.56148557062073,0.737837862928237,0.58524902802744,-1.73304781797679
212,0.118879822844974,-0.310352702164413,-0.432635863640239,0.916969311012864,-0.484284276569557,0.310352648315827,0.0141541525139333,-0.193040047999376,-0.491213810000808,1.03113397024434,-0.539872720162265,0.193035100209221,0.554885822593023,-0.669642965333879,-1.56085174256722,0.738442742640628,0.584687338574452,-1.73358595674317
213,0.119297528293795,-0.311836207642783,-0.431541631159383,0.915001490056366,-0.483414108737491,0.311836158865936,0.0145722718419069,-0.19461908433493,-0.49055252527706,1.03001288734796,-0.539416229423646,0.194614484239618,0.554298650565142,-0.669758410337304,-1.56026223796446,0.739005206202831,0.584163544836783,-1.7340859312616
214,0.119685861092191,-0.313213374039886,-0.430518906649703,0.913161461719348,-0.482600004934572,0.313213329828829,0.0149609914973826,-0.196085384366666,-0.489933295017461,1.02896230110359,-0.538987966521389,0.196081109062283,0.553752650131754,-0.669864726304984,-1.55971417392159,0.739528039648724,0.583675383526515,-1.7345503026359
215,0.120046769954838,-0.314491526461018,-0.429563701637462,0.911442219084954,-0.481838957336639,0.314491486359709,0.0153222615449599,-0.197446649707572,-0.489353955256597,1.02797871182969,-0.538586606220387,0.197442677463347,0.553245110317978,-0.669962659459732,-1.55920480844681,0.740013886471574,0.583220669410008,-1.73498149378986
216,0.120382100159848,-0.315677563057416,-0.428672126129405,0.909836906828392,-0.4811280114242,0.315677526655629,0.0156579286268511,-0.198710142888115,-0.488812361526714,1.02705862581198,-0.538210809909504,0.198706453153198,0.552773460230558,-0.670052895460027,-1.55873154284447,0.74046524699574,0.582797303940127,-1.73538179009913
217,0.120693593975202,-0.316777963756068,-0.427840410223091,0.908338863400522,-0.480464286381195,0.316777930685318,0.0159697363691647,-0.199882694472755,-0.488306407624698,1.02619859089255,-0.53785924225881,0.199879267866486,0.55233526936536,-0.670136063720923,-1.55829192178106,0.740884479668548,0.58240328107314,-1.73575334167114
218,0.120982892270375,-0.317798802564929,-0.427064920187687,0.906941652919953,-0.47984499077021,0.317798772494622,0.0162593269779939,-0.200970714249528,-0.487834040330079,1.02539522474559,-0.537530584649481,0.200967532539102,0.551928246104661,-0.670212741607429,-1.55788363153915,0.741273803824134,0.582036690778352,-1.73609816686153
219,0.12125153702837,-0.31874576244268,-0.426342169892275,0.905639088369892,-0.47926743419618,0.318745735076423,0.0165282437396256,-0.20198020539265,-0.487393270668015,1.02464523688428,-0.537223545819659,0.201977251461285,0.551550234825534,-0.670283458450692,-1.55750449688601,0.74163530355483,0.581695720675928,-1.73641815669416
220,0.121500974525173,-0.319624151925773,-0.425668828352757,0.904425247508286,-0.478729035590665,0.319624126997994,0.0167779341912891,-0.202916780714566,-0.486982182248646,1.02394544533796,-0.536936870128803,0.202914038522796,0.551199211964908,-0.670348699355907,-1.55715247690625,0.741970932393516,0.581378656173565,-1.73671507991814
221,0.121732558987987,-0.320438922872813,-0.425041724069886,0.903294482725467,-0.478227328673521,0.320438900145599,0.0170097537730376,-0.203785680302515,-0.486598937152447,1.02329278883396,-0.536669343800808,0.203783134844571,0.550873281322681,-0.670408908783823,-1.55682566008331,0.742282518567451,0.581083879415749,-1.73699058848826
222,0.121947556579333,-0.321194688821946,-0.424457846741358,0.902241425922695,-0.477759965078646,0.321194668082149,0.0172249698076606,-0.204591789980305,-0.486241779773805,1.02268433521967,-0.536419799465537,0.204589427237321,0.550570668831625,-0.670464493897981,-1.55652225886039,0.74257177063036,0.580809867309364,-1.73724622329936
223,0.122147149584413,-0.321895743567857,-0.42391434684983,0.9012609893394,-0.47732471556638,0.321895724624515,0.0174247656853867,-0.205339660155821,-0.485909038981675,1.02211728676765,-0.536187119279318,0.205337467047192,0.550289716978427,-0.670515827676902,-1.55624060386684,0.742840283318308,0.580555188846055,-1.73748342004108
224,0.122332440704035,-0.322546079655027,-0.423408533556175,0.900348363125556,-0.476919469686904,0.322546062336974,0.0176102451553975,-0.206033524712202,-0.48559912890715,1.02158898292117,-0.535970236869477,0.20603148904605,0.550028879023535,-0.67056325179568,-1.55597913795826,0.743089543506547,0.580318501903892,-1.73770351506849
225,0.122504457375487,-0.323149406556262,-0.422937871263174,0.899499010338574,-0.476542234206739,0.323149390710022,0.0177824366463696,-0.20667731967976,-0.485310548624478,1.02109690096065,-0.535768138314867,0.206675430103435,0.549786713137405,-0.670607079285157,-1.55573641018815,0.743320936170533,0.580098549679266,-1.73790775120834
226,0.122664156061234,-0.323709168364711,-0.422499975158008,0.898708659940964,-0.476191130564137,0.323709153852563,0.0179422975556512,-0.207274701490351,-0.485041880952335,1.02063865500222,-0.535579862344696,0.207272947441498,0.549561876545179,-0.670647596978986,-1.55551106980309,0.743535750276025,0.579894156872016,-1.7380972834396
227,0.122812426458614,-0.324228560874295,-0.422092605992423,0.897973298283664,-0.475864391578019,0.324228547572596,0.0180907184599505,-0.207829064667482,-0.484791790568048,1.02021199367802,-0.535404499911266,0.207827436326289,0.54935311975169,-0.670685067760578,-1.55530186033255,0.743735184540623,0.57970422572389,-1.7382731844033
228,0.122950095595624,-0.324710547961737,-0.421713664316356,0.89728915948099,-0.475560357599264,0.324710535759375,0.0182285272126489,-0.208343558847728,-0.484559021596651,1.01981479679364,-0.53524119326908,0.208342047090527,0.549159280901071,-0.670719732622504,-1.5551076138272,0.743920353023624,0.579527731990432,-1.73843644970873
229,0.123077931786719,-0.325157877212841,-0.421361184343446,0.896652715014209,-0.475277472261876,0.325157866009897,0.0183564929014822,-0.208821105061885,-0.484342394810426,1.01944507121113,-0.535089134671715,0.208819701416594,0.548979280312022,-0.670751812551339,-1.55492724528573,0.744092290512766,0.579363720910246,-1.73858800301362
230,0.123196648430449,-0.32557309475996,-0.421033327594864,0.896060662841398,-0.475014277964394,0.325573084466495,0.0184753296482219,-0.209264411231534,-0.484140804551519,1.0191009461643,-0.534947564780062,0.209263107834912,0.54881211521789,-0.670781510250753,-1.55475974729844,0.74425195768599,0.579211303221406,-1.738728700864
231,0.123306907636586,-0.325958559315711,-0.420728376440503,0.89550991624033,-0.474769411188607,0.325958549850676,0.0185857002381052,-0.209675986857062,-0.483953215470496,1.01878066817782,-0.534815770860115,0.209674776413997,0.548656854731925,-0.670809011715345,-1.55460418492703,0.744400246033987,0.579069651263636,-1.73885933728579
232,0.123409323675416,-0.326316455402619,-0.420444727633167,0.894997592567804,-0.474541597742703,0.32631644669292,0.0186882195714116,-0.210058156889964,-0.483778659156763,1.01848259573108,-0.534693084834123,0.210057032634843,0.548512635050517,-0.670834487667154,-1.55445969083227,0.744537982535545,0.578937995195341,-1.73898064812546
233,0.123504466245793,-0.326648805789423,-0.420180885911776,0.894521002081894,-0.474329647998947,0.32664879776907,0.0187834579339711,-0.210413074794849,-0.483616230722286,1.01820519378159,-0.534578881238821,0.210412030455062,0.548378654901395,-0.67085809486623,-1.55432546065578,0.744665934082527,0.578815619346588,-1.73909331514069
234,0.123592863561519,-0.326957483152937,-0.419935457732777,0.894077636942393,-0.47413245218151,0.326957475762291,0.0188719440858722,-0.210742734816155,-0.483465085387856,1.01794702824042,-0.534472575133053,0.21074176457761,0.548254171238994,-0.670879977305827,-1.55420074865704,0.744784811655169,0.578701858722965,-1.73919796984529
235,0.123675005258038,-0.327244220990473,-0.419707145175337,0.893665160478827,-0.473948975748065,0.327244214175572,0.0189541681705978,-0.211048983471741,-0.483324435110875,1.01770676047373,-0.534373619990091,0.211048081946502,0.548138495185794,-0.670900267302262,-1.55408486360361,0.744895274251385,0.578596095670056,-1.73929519711487
236,0.123751345123306,-0.327510623812117,-0.419494740053984,0.893281396793317,-0.473778254898451,0.327510617524102,0.0190305844481612,-0.211333530300818,-0.483193545284876,1.01748314188828,-0.534281505601546,0.211332692496715,0.548030988215218,-0.670919086488482,-1.55397716490941,0.744997932576017,0.578497756704024,-1.73938553856123
237,0.123822303658063,-0.327758176645193,-0.419297118263116,0.892924320747737,-0.47361939223536,0.327758170839756,0.0191016138576355,-0.211597957897334,-0.483071731533825,1.01727500864597,-0.534195756015398,0.21159717918949,0.547931058569978,-0.670936546720032,-1.55387705901413,0.745093352497756,0.578406309510615,-1.73946949568484
238,0.123888270471578,-0.327988253884645,-0.419113234369624,0.892592048369399,-0.473471552594849,0.327988248521581,0.0191676464150752,-0.211843731262027,-0.482958356618354,1.01708127654112,-0.534115927523984,0.211843007366271,0.547838157907846,-0.670952750900993,-1.55378399599514,0.745182058282471,0.578321260112202,-1.73954753281536
239,0.12394960651995,-0.328202127524453,-0.418942116463608,0.892282827697572,-0.473333959058865,0.328202122567237,0.01922904345391,-0.212072206508106,-0.482852827465788,1.01690093606541,-0.534041606715284,0.212071533456168,0.547751778165889,-0.670967793737233,-1.55369746640221,0.745264535612779,0.578242150200432,-1.7396200798509
240,0.124006646194165,-0.328400974805015,-0.41878286127213,0.891995030083028,-0.473205889157124,0.328400970220422,0.0192861397149157,-0.212284638955813,-0.482754592332379,1.01673304767757,-0.533972408595952,0.212284013072129,0.547671448633342,-0.67098176242346,-1.55361699830495,0.745341234403977,0.578168554630547,-1.73968753480652
241,0.124059699265536,-0.328585885311216,-0.418634629536416,0.891727141944889,-0.473086671262001,0.328585881069015,0.019339245293614,-0.212482190651034,-0.482663138102192,1.01657673728922,-0.533907974793204,0.212481608531286,0.547596733223033,-0.670994737269996,-1.55354215454194,0.74541257142695,0.578100079072439,-1.73975026618307
